Name,Cytoplasm,Nucleus,Mitochondrion,Endoplasmic reticulum,Extracellular region,Cytoskeleton,Plasma membrane,Intracellular vesicle,Ribosome,Golgi apparatus,Vacuole,Endosome,Lysosome,Peroxisome,APC
ITA4,0,0,0,0,1,0,1,0,0,0,0,0,0,0,3.41935667
CD2,0,0,0,0,1,0,1,0,0,0,0,0,0,0,3.917161483
CD5,0,0,0,0,0,0,1,0,0,0,0,0,0,0,5.110838076
PTK7,0,0,0,0,0,0,1,0,0,0,0,0,0,0,5.22534991
ICAM2,0,0,0,0,0,0,1,0,0,0,0,0,0,0,4.892450683
TRBC1,0,0,0,0,1,0,1,0,0,0,0,0,0,0,4.110642843
ICAM3,0,0,0,0,1,0,1,0,0,0,0,0,0,0,7.448469871
PTPRF,0,0,0,0,1,0,1,0,0,0,0,0,0,0,8.15168556
ITA5,0,0,0,0,0,0,1,0,0,0,0,0,0,0,8.777737952
PTPRK,0,0,0,0,0,0,1,0,0,0,0,0,0,0,5.732233429
EMB,0,0,0,0,0,0,1,0,0,0,0,0,0,0,9.261558651
MOT1,0,0,0,0,1,1,1,0,0,0,0,0,0,0,6.737715083
IGSF8,0,0,0,0,1,0,1,0,0,0,0,0,0,0,4.143244738
CD166,0,0,0,0,1,0,1,0,0,0,0,0,0,0,4.390091031
PTCA,0,0,0,0,0,0,1,0,0,0,0,0,0,0,9.131291177
SLAF5,0,0,0,0,0,0,1,0,0,0,0,0,0,0,6.25
TVBL3,0,0,0,0,0,0,1,0,0,0,0,0,0,0,2.234934311
LEUK,0,1,0,0,1,0,1,0,0,0,0,0,0,0,2.445119294
CD48,0,0,0,0,1,0,1,0,0,0,0,0,0,0,2.060913454
MOT4,0,1,0,0,0,0,1,0,0,0,0,0,0,0,4.88299012
NECT1,0,0,0,0,1,0,1,0,0,0,0,0,0,0,10.48766794
F234A,0,0,0,0,1,0,0,0,0,0,0,0,0,0,13.14763452
NPTN,0,0,0,0,0,0,1,0,0,0,0,0,0,0,9.156545868
DSG2,0,0,0,0,1,0,1,0,0,0,0,0,0,0,16.7320054
TVA82,0,0,0,0,0,0,1,0,0,0,0,0,0,0,4.285022779
SIT1,0,0,0,0,1,0,1,0,0,0,0,0,0,0,25.21274807
TRAC,0,0,0,0,0,0,1,0,0,0,0,0,0,0,5.498890197
MRP1,0,0,0,0,1,0,1,0,0,0,0,0,0,0,6.180948404
SLAF6,0,0,0,0,1,0,1,0,0,0,0,0,0,0,13.21433571
IL1AP,0,0,0,0,1,0,1,0,0,0,0,0,0,0,7.396163251
S39AA,0,0,0,0,0,0,1,0,0,0,0,0,0,0,2.618338508
BT3A1,0,0,0,0,0,0,1,0,0,0,0,0,0,0,37.55406554
IGF1R,0,0,0,0,0,0,1,0,0,0,0,0,0,0,9.087710901
MPZL1,0,0,0,0,0,0,1,0,0,0,0,0,0,0,3.990175663
RBM41,0,1,0,0,0,0,0,0,0,0,0,0,0,0,120
SG2A1,0,0,0,0,1,0,0,0,0,0,0,0,0,0,120
CNNM3,0,0,0,0,0,0,1,0,0,0,0,0,0,0,20.31533209
TRAT1,0,0,0,0,0,1,1,0,0,0,0,0,0,0,5.716681915
SIRPG,0,0,0,0,0,0,1,0,0,0,0,0,0,0,11.67388626
ITA6,0,0,0,0,0,0,1,0,0,0,0,0,0,0,14.44940919
BT2A1,0,0,0,0,0,0,1,0,0,0,0,0,0,0,120
RECK,0,0,0,0,1,0,1,0,0,0,0,0,0,0,19.3765784
PACC1,0,0,0,0,0,0,1,0,0,0,0,0,0,0,120
CD226,0,0,0,0,0,0,1,0,0,0,0,0,0,0,7.167097833
S4A4,0,0,0,0,1,0,1,0,0,0,0,0,0,0,120
MOT2,0,1,0,0,0,0,1,0,0,0,0,0,0,0,120
LY9,0,0,0,0,0,0,1,0,0,0,0,0,0,0,9.974215346
SELPL,0,0,0,0,0,0,1,0,0,0,0,0,0,0,3.195397952
I17RA,0,0,0,0,1,0,1,0,0,0,0,0,0,0,120
CD7,0,0,0,0,0,0,1,0,0,0,0,0,0,0,4.645234148
BT3A3,0,0,0,0,0,0,1,0,0,0,0,0,0,0,120
INGR1,0,0,0,0,0,0,1,0,0,0,0,0,0,0,120
CD81,0,0,0,0,1,0,1,0,0,0,0,0,0,0,2.626647322
MICB,0,0,0,0,1,0,1,0,0,0,0,0,0,0,120
CNNM2,0,0,0,0,0,0,1,0,0,0,0,0,0,0,120
SC5A6,0,0,0,0,0,0,1,0,0,0,0,0,0,0,6.531774
CD69,0,0,0,0,0,0,1,0,0,0,0,0,0,0,13.29732948
S29A1,0,0,0,0,0,0,1,0,0,0,0,0,0,0,3.380055546
CNNM4,0,0,0,0,0,0,1,0,0,0,0,0,0,0,120
C99L2,0,0,0,0,0,0,1,0,0,0,0,0,0,0,2.637665198
BT3A2,0,0,0,0,0,0,1,0,0,0,0,0,0,0,1.957174808
S4A7,0,0,0,0,0,0,1,0,0,0,0,0,0,0,116.7045086
S38A1,0,0,0,0,1,0,1,0,0,0,0,0,0,0,120
PTPRA,0,0,0,0,1,0,1,0,0,0,0,0,0,0,120
AT1B1,0,0,0,0,1,0,1,0,0,0,0,0,0,0,120
CAHD1,0,0,0,0,0,0,1,0,0,0,0,0,0,0,45.84119556
H14,0,1,0,0,0,0,0,0,0,0,0,0,0,0,18.61773871
MAGB3,0,1,0,0,0,0,0,0,0,0,0,0,0,0,120
S12A7,0,0,0,0,0,0,1,0,0,0,0,0,0,0,23.02671341
S20A1,0,0,0,0,0,0,1,0,0,0,0,0,0,0,120
SEM7A,0,0,0,0,1,0,1,0,0,0,0,0,0,0,120
CEIP2,0,0,0,0,1,0,1,0,0,0,0,0,0,0,120
ADAM9,0,0,0,0,1,0,1,0,0,0,0,0,0,0,120
ACVR1,0,0,0,0,0,0,1,0,0,0,0,0,0,0,120
AGRA3,0,0,0,0,0,0,1,0,0,0,0,0,0,0,120
PLXB1,0,0,0,0,1,0,1,0,0,0,0,0,0,0,120
PLXB2,0,0,0,0,1,0,1,0,0,0,0,0,0,0,120
AGRG1,0,0,0,0,1,0,1,0,0,0,0,0,0,0,120
S38A5,0,0,0,0,0,0,1,0,0,0,0,0,0,0,120
ADA22,0,0,0,0,0,0,1,0,0,0,0,0,0,0,120
CLDN1,0,0,0,0,0,0,1,0,0,0,0,0,0,0,10.16234261
TBC31,0,0,0,0,0,1,0,0,0,0,0,0,0,0,120
CR2,0,0,0,0,1,0,1,0,0,0,0,0,0,0,120
SEM4D,0,0,0,0,1,0,1,0,0,0,0,0,0,0,2.14771831
CD82,0,0,0,0,1,0,1,0,0,0,0,0,0,0,120
GPA33,0,0,0,0,1,0,1,0,0,0,0,0,0,0,120
CTR1,0,0,0,0,0,0,1,0,0,0,0,0,0,0,2.287442216
CD6,0,0,0,0,1,0,1,0,0,0,0,0,0,0,7.974006684
YLAT2,0,0,0,0,0,0,1,0,0,0,0,0,0,0,120
SPIT1,0,0,0,0,1,0,1,0,0,0,0,0,0,0,5.682615774
GGT1,0,0,0,0,1,0,1,0,0,0,0,0,0,0,120
DPP10,0,0,0,0,0,0,1,0,0,0,0,0,0,0,120
DCD,0,0,0,0,1,0,0,0,0,0,0,0,0,0,8.261303097
H2A2A,0,1,0,0,1,0,0,0,0,0,0,0,0,0,120
FZD1,0,0,0,0,0,0,1,0,0,0,0,0,0,0,120
AGRL1,0,0,0,0,0,0,1,0,0,0,0,0,0,0,120
INAR2,0,0,0,0,1,0,1,0,0,0,0,0,0,0,120
TSHR,0,0,0,0,0,0,1,0,0,0,0,0,0,0,120
PLXD1,0,0,0,0,0,0,1,0,0,0,0,0,0,0,120
NR3L1,0,0,0,0,0,0,1,0,0,0,0,0,0,0,120
LRP8,0,0,0,0,1,1,1,0,0,0,0,0,0,0,120
I10R2,0,0,0,0,0,0,1,0,0,0,0,0,0,0,6.613100181
NRN1,0,0,0,0,1,0,1,0,0,0,0,0,0,0,120
S26A2,0,0,0,0,1,0,1,0,0,0,0,0,0,0,120
KIRR2,0,0,0,0,0,0,1,0,0,0,0,0,0,0,120
TCP4,0,1,0,0,1,0,0,0,0,0,0,0,0,0,120
NECT2,0,0,0,0,1,0,1,0,0,0,0,0,0,0,120
PTPRU,0,0,0,0,0,0,1,0,0,0,0,0,0,0,120
SIGIR,0,0,0,0,0,0,1,0,0,0,0,0,0,0,120
TT39A,0,0,0,0,0,1,0,0,0,0,0,0,0,0,120
FKBP3,0,1,0,0,0,0,0,0,0,0,0,0,0,0,5.173871313
CD83,0,0,0,0,0,0,1,0,0,0,0,0,0,0,120
TSN7,0,0,0,0,0,0,1,0,0,0,0,0,0,0,2.80401139
CADM1,0,0,0,0,0,0,1,0,0,0,0,0,0,0,120
ANO2,0,1,0,0,0,0,1,0,0,0,0,0,0,0,120
P2RY8,0,0,0,0,0,0,1,0,0,0,0,0,0,0,120
AGRE2,0,0,0,0,0,0,1,0,0,0,0,0,0,0,120
BCAM,0,0,0,0,1,0,1,0,0,0,0,0,0,0,120
TLR5,0,0,0,0,0,0,1,0,0,0,0,0,0,0,120
TR10B,0,0,0,0,0,0,1,0,0,0,0,0,0,0,120
TIP,0,0,0,0,1,0,1,0,0,0,0,0,0,0,120
AMER3,0,0,0,0,0,0,1,0,0,0,0,0,0,0,120
S19A1,0,0,0,0,0,0,1,0,0,0,0,0,0,0,120
F1711,0,0,0,0,0,0,1,0,0,0,0,0,0,0,2.197279597
ITB7,0,0,0,0,1,0,1,0,0,0,0,0,0,0,120
ICAM1,0,0,0,0,1,0,1,0,0,0,0,0,0,0,120
ELAP2,0,0,0,0,0,0,1,0,0,0,0,0,0,0,120
BMR1A,0,0,0,0,0,0,1,0,0,0,0,0,0,0,120
RP9,0,1,0,0,0,0,0,0,0,0,0,0,0,0,120
ATNG,0,0,0,0,1,0,1,0,0,0,0,0,0,0,120
O51A7,0,0,0,0,0,0,1,0,0,0,0,0,0,0,120
TM256,0,0,0,0,1,0,0,0,0,0,0,0,0,0,120
AR6P4,0,1,0,0,0,0,0,0,0,0,0,0,0,0,120
LSR,0,0,0,0,1,0,1,0,0,0,0,0,0,0,120
CA2D2,0,0,0,0,0,0,1,0,0,0,0,0,0,0,120
MOT10,0,0,0,0,0,0,1,0,0,0,0,0,0,0,120
ZC3H6,0,1,0,0,0,0,0,0,0,0,0,0,0,0,120
CD40L,0,0,0,0,1,0,1,0,0,0,0,0,0,0,120
LAT3,0,0,0,0,0,0,1,0,0,0,0,0,0,0,120
ADCY7,0,0,0,0,0,0,1,0,0,0,0,0,0,0,120
GRID1,0,0,0,0,1,0,1,0,0,0,0,0,0,0,120
TSN2,0,1,0,0,0,0,1,0,0,0,0,0,0,0,120
SEM4G,0,0,0,0,1,0,1,0,0,0,0,0,0,0,120
SEM4A,0,0,0,0,1,0,1,0,0,0,0,0,0,0,120
NINJ2,0,0,0,0,0,0,1,0,0,0,0,0,0,0,120
MSH3,0,1,0,0,0,0,0,0,0,0,0,0,0,0,120
S19A2,0,0,0,0,0,0,1,0,0,0,0,0,0,0,120
AGRA2,0,0,0,0,0,0,1,0,0,0,0,0,0,0,120
ATP4B,0,0,0,0,0,0,1,0,0,0,0,0,0,0,120
PTPRC,1,0,0,0,1,0,1,1,0,0,0,0,0,0,9.831539541
TFR1,1,0,0,0,1,0,1,1,0,0,0,1,0,0,6.015930554
4F2,1,1,0,0,1,0,1,1,0,0,1,0,1,0,9.63717478
HLAA,1,0,0,1,1,0,1,1,0,1,0,1,0,0,5.177720949
PYC,1,0,1,0,0,0,0,0,0,0,0,0,0,0,5.995212448
PECA1,1,0,0,0,1,0,1,1,0,0,0,0,0,0,5.971051089
CD99,1,0,0,0,0,0,1,0,0,0,0,0,0,0,3.056456846
BASI,1,0,1,1,1,0,1,1,0,1,0,1,0,0,3.34075654
ACACA,1,1,0,0,0,1,0,0,0,0,0,0,0,0,54.63707659
MPRI,1,1,0,0,1,0,1,1,0,1,0,1,0,0,6.604132901
K2C1,1,1,0,0,1,1,1,1,0,0,0,0,0,0,2.677795799
B2MG,1,0,0,1,1,0,1,1,0,1,0,1,0,0,5.330939948
MCCA,1,0,1,0,0,0,0,0,0,0,0,0,0,0,4.846836103
ITB1,1,0,0,0,1,0,1,1,0,0,0,1,0,0,5.473069378
PCCA,1,0,1,0,0,0,0,0,0,0,0,0,0,0,6.062148787
AT1B3,1,0,0,0,1,0,1,1,0,0,0,0,0,0,5.26794531
ITAL,1,0,0,0,1,0,1,1,0,0,0,0,0,0,9.838652222
ITB2,1,0,0,0,1,0,1,1,0,0,0,0,0,0,4.74821182
K1C9,1,1,0,0,1,1,0,0,0,0,0,0,0,0,120
HLAB,1,0,0,1,1,0,1,1,0,1,0,1,0,0,4.693711774
ADA10,1,1,0,1,1,0,1,1,0,1,0,0,0,0,4.414786688
CD28,1,0,0,0,0,0,1,0,0,0,0,0,0,0,4.457794592
CD47,1,0,0,0,1,0,1,1,0,0,0,0,0,0,7.524264221
HLAG,1,0,0,1,1,0,1,1,0,1,0,1,0,0,6.914403171
CD38,1,1,0,0,1,0,1,1,0,0,0,0,0,0,4.425626741
JAM3,1,0,0,0,1,1,1,0,0,1,0,0,0,0,3.162340372
PLXA1,1,1,0,0,1,0,1,0,0,0,0,0,0,0,25.09798229
PLSL,1,0,0,0,1,1,1,0,0,0,0,0,0,0,2.761116279
ENOA,1,1,0,0,1,0,1,0,0,0,0,0,0,0,3.862652608
LCAP,1,0,0,0,1,0,1,1,0,0,1,1,1,0,12.22001086
LAT1,1,0,0,0,1,0,1,0,0,0,1,0,1,0,6.259239317
FLNA,1,1,0,0,1,1,1,0,0,1,0,0,0,0,1.450425981
SPTN1,1,0,0,0,1,1,1,1,0,0,0,0,0,0,2.181738367
AGRE5,1,0,0,0,1,0,1,1,0,0,0,0,0,0,6.205315268
CD1C,1,0,0,0,1,0,1,1,0,0,1,1,1,0,4.216943844
XPO2,1,1,0,0,1,0,0,0,0,0,0,0,0,0,1.71374678
FLNB,1,1,0,0,1,1,1,1,0,0,0,0,0,0,2.669493556
CARM1,1,1,0,0,0,0,0,0,0,0,0,0,0,0,19.90969099
ACTBL,1,1,0,0,1,1,0,0,0,0,0,0,0,0,120
GSHB,1,0,0,0,1,0,0,0,0,0,0,0,0,0,120
SPTB2,1,1,0,0,1,1,1,0,0,0,0,0,0,0,1.084258909
DX39A,1,1,0,0,0,0,0,0,0,0,0,0,0,0,1.573739217
AAK1,1,0,0,0,0,0,1,1,0,0,0,0,0,0,120
PTPRS,1,0,0,0,1,0,1,1,0,0,0,0,0,0,12.55104101
BST2,1,0,0,0,1,0,1,1,0,1,1,1,1,0,8.836923265
HMGB1,1,1,0,0,1,0,1,1,0,0,0,1,0,0,1.565313368
S39AE,1,0,0,0,0,0,1,1,0,0,1,1,1,0,4.702642185
ITAV,1,0,0,0,1,0,1,1,0,0,0,0,0,0,38.84477911
CD3G,1,0,0,0,0,0,1,1,0,0,0,0,0,0,3.375653665
MOES,1,1,0,0,1,1,1,0,0,0,0,0,0,0,1.339453481
ALDOA,1,1,0,0,1,1,0,1,0,0,0,0,0,0,1.485361732
CD4,1,0,0,1,0,0,1,1,0,0,0,1,0,0,3.612574094
THY1,1,0,0,1,1,0,1,0,0,0,0,0,0,0,3.311968133
CTL1,1,1,1,0,1,0,1,0,0,0,0,0,0,0,9.768717772
MFGM,1,0,0,1,1,0,1,1,0,0,0,0,0,0,2.764298639
TNR6,1,1,0,0,1,0,1,0,0,0,0,0,0,0,8.81389591
LYAM1,1,0,0,0,0,0,1,1,0,0,0,0,0,0,7.090139204
DAG1,1,1,0,1,1,1,1,0,0,1,0,0,0,0,10.23191123
KI26B,1,0,0,0,0,1,0,0,0,0,0,0,0,0,120
HLAC,1,0,0,1,1,0,1,1,0,1,0,1,0,0,3.364926372
NIN,1,1,0,0,0,1,1,0,0,0,0,0,0,0,120
AT2B4,1,0,0,0,0,0,1,0,0,0,0,0,0,0,2.228900605
CD59,1,0,0,1,1,0,1,1,0,1,0,0,0,0,5.55890204
CD1A,1,0,0,0,1,0,1,1,0,0,0,1,0,0,4.213956079
ANO6,1,0,0,0,1,0,1,1,0,0,0,0,0,0,12.50971549
TLN1,1,0,0,0,1,1,1,0,0,0,0,0,0,0,2.021601913
INSR,1,1,0,0,1,0,1,1,0,0,1,1,1,0,110.7871976
TKT,1,1,0,1,1,0,0,0,0,0,0,0,0,1,1.816590262
FPPS,1,1,0,0,0,0,0,0,0,0,0,0,0,0,3.72911558
BPL1,1,1,1,0,0,0,0,0,0,0,0,0,0,0,66.53605706
CD1B,1,0,0,0,1,0,1,1,0,1,1,1,1,0,4.93108043
IQGA1,1,1,0,0,1,1,1,1,0,0,0,0,0,0,2.675960265
MCP,1,0,0,0,1,0,1,1,0,0,0,0,0,0,120
ATD3B,1,0,1,0,0,0,1,1,0,0,0,0,0,0,120
CD1D,1,0,0,1,1,0,1,1,0,0,1,1,1,0,8.996901627
S39A6,1,0,0,1,0,0,1,0,0,0,0,0,0,0,3.789168259
ITB3,1,1,0,0,1,0,1,1,0,0,0,0,0,0,120
EPHB2,1,1,0,0,1,0,1,0,0,0,0,0,0,0,29.61807872
GDIB,1,0,0,0,1,0,0,1,0,0,1,0,1,0,1.739497056
PNPH,1,1,0,0,1,0,0,1,0,0,0,0,0,0,4.876239759
INAR1,1,0,0,0,0,0,1,1,0,0,1,1,1,0,18.91737388
EIF3L,1,1,0,0,0,0,0,0,0,0,0,0,0,0,1.49705286
THMS1,1,1,0,0,0,0,0,0,0,0,0,0,0,0,1.386012365
ITB5,1,0,0,0,1,0,1,1,0,0,0,0,0,0,2.275910134
KIRR1,1,0,0,0,0,0,1,0,0,0,0,0,0,0,120
ITA1,1,0,0,0,1,0,1,1,0,0,0,0,0,0,120
MTA3,1,1,0,0,0,0,0,0,0,0,0,0,0,0,120
CC50A,1,0,0,1,0,0,1,1,0,1,1,0,1,0,7.988988115
LFA3,1,0,0,0,1,0,1,1,0,0,0,0,0,0,9.546304578
LSAMP,1,0,0,0,1,0,1,0,0,0,0,0,0,0,11.87680361
GTR1,1,1,0,0,1,1,1,1,0,1,0,0,0,0,4.55329991
ATRN,1,0,0,0,1,0,1,0,0,0,0,0,0,0,53.73375355
STMN1,1,0,0,0,1,1,0,0,0,0,0,0,0,0,36.03684211
GLPC,1,0,0,0,0,1,1,0,0,0,0,0,0,0,2.229643729
6PGD,1,1,0,0,1,0,0,0,0,0,0,0,0,0,1.255869638
EPHB6,1,0,0,0,1,0,1,0,0,0,0,0,0,0,25.12378482
SORL,1,1,0,1,1,0,1,1,0,1,0,1,0,0,120
ECE1,1,0,0,0,1,0,1,1,0,0,1,1,1,0,120
VLDLR,1,0,0,0,1,0,1,0,0,0,1,0,1,0,6.077029361
MYADM,1,0,0,0,0,1,1,0,0,0,0,0,0,0,5.089938251
NICA,1,0,1,1,1,0,1,1,0,1,1,1,1,0,120
CADH2,1,0,0,1,0,1,1,0,0,0,0,0,0,0,120
ACTN4,1,1,0,0,1,1,1,1,0,0,0,0,0,0,7.416866188
SC16A,1,0,0,1,0,0,0,1,0,1,0,0,0,0,3.381832385
SYPL1,1,0,0,0,1,0,1,1,0,0,0,0,0,0,3.918152003
ACACB,1,1,1,0,0,0,0,0,0,0,0,0,0,0,120
JAM1,1,0,0,0,1,0,1,1,0,0,0,0,0,0,21.99983376
CTL2,1,0,1,0,1,0,1,1,0,0,1,0,1,0,120
HLAH,1,0,0,1,1,0,1,1,0,1,1,1,1,0,120
PVR,1,0,0,0,1,0,1,0,0,0,0,0,0,0,120
CXCR4,1,1,0,0,1,0,1,1,0,0,1,1,1,0,3.772796837
ITA2,1,1,0,0,0,0,1,0,0,0,0,0,0,0,120
PIEZ1,1,0,0,1,0,0,1,0,0,0,0,0,0,0,120
CKAP5,1,1,0,0,0,1,1,0,0,0,0,0,0,0,1.113155292
FZD2,1,0,0,0,0,0,1,1,0,0,0,0,0,0,120
FAT1,1,1,0,0,1,0,1,0,0,0,0,0,0,0,4.664952871
S38A2,1,0,0,0,0,0,1,0,0,0,0,0,0,0,5.193857965
LIS1,1,1,0,0,1,1,0,0,0,0,0,0,0,0,1.035441816
CAND1,1,1,0,0,1,0,0,1,0,1,0,0,0,0,1.383522727
MPU1,1,0,0,1,0,0,0,0,0,0,0,0,0,0,120
DAF,1,0,0,0,1,0,1,1,0,1,0,0,0,0,120
TSN14,1,0,0,1,0,0,1,1,0,0,0,0,0,0,11.69067595
RN150,1,0,0,0,0,0,0,0,0,0,0,0,0,0,120
CAP1,1,0,0,0,1,1,1,1,0,0,1,0,1,0,1.353535638
GSTO1,1,1,0,0,1,0,0,0,0,0,0,0,0,0,120
TPM4,1,0,0,0,1,1,0,0,0,0,0,0,0,0,20.81863267
ENOG,1,0,0,0,1,0,1,0,0,0,0,0,0,0,120
CYRIB,1,0,1,0,1,0,0,1,0,0,0,0,0,0,3.746864358
NDKA,1,1,1,0,1,1,1,0,0,0,0,0,0,0,1.001213025
ITM2A,1,0,0,0,0,0,1,0,0,1,0,0,0,0,5.169608596
SL9A1,1,1,1,1,1,0,1,0,0,0,0,0,0,0,4.419798398
S12A2,1,0,0,0,1,0,1,1,0,0,0,0,0,0,120
MDHC,1,0,0,0,1,1,0,0,0,0,0,0,0,0,1.295127481
ABCB6,1,1,1,1,1,0,1,1,0,1,1,1,1,0,120
PGM2,1,0,0,0,1,0,0,1,0,0,0,0,0,0,120
SPP2B,1,1,0,1,0,1,1,1,0,1,1,1,1,0,120
NUDC,1,1,0,0,0,1,0,0,0,0,0,0,0,0,1.265572803
PRIO,1,1,0,1,1,0,1,0,0,1,0,0,0,0,2.755739864
S39A8,1,0,0,0,0,0,1,0,0,0,1,0,1,0,5.543991883
CXAR,1,1,0,0,1,0,1,1,0,0,0,0,0,0,9.271374199
TRI34,1,1,0,0,0,0,0,0,0,0,0,0,0,0,120
ADA17,1,0,0,1,0,1,1,0,0,1,0,0,0,0,120
TRPV2,1,0,0,0,0,0,1,1,0,0,0,0,0,0,120
SATT,1,0,0,0,1,1,1,1,0,0,0,0,0,0,120
ADA,1,0,0,0,1,0,1,1,0,0,1,0,1,0,1.353333843
EF1D,1,1,0,1,0,0,0,0,0,0,0,0,0,0,1.051636586
CD3D,1,0,0,0,0,0,1,1,0,0,0,0,0,0,120
STXB4,1,0,0,0,1,0,0,1,0,0,0,0,0,0,120
AAAT,1,0,0,0,1,0,1,1,0,0,0,0,0,0,120
S26A6,1,0,0,1,0,0,1,1,0,0,0,0,0,0,120
FABP5,1,1,0,0,1,0,1,1,0,0,1,0,1,0,1.133151418
LRC8D,1,0,0,1,0,0,1,0,0,0,0,0,0,0,120
NOTC2,1,1,0,1,1,0,1,0,0,1,0,0,0,0,120
THIO,1,1,0,0,1,0,0,0,0,0,0,0,0,0,1.852354049
RN149,1,0,0,0,0,0,0,0,0,0,0,0,0,0,120
STMN2,1,0,0,0,0,0,0,1,0,1,0,1,0,0,1.879714059
NUDT5,1,1,0,0,1,0,0,0,0,0,0,0,0,0,11.34097688
EZRI,1,1,0,0,1,1,1,1,0,0,0,1,0,0,4.8460174
SPG17,1,0,0,0,1,1,0,0,0,0,0,0,0,0,120
AT11C,1,0,0,1,0,0,1,1,0,1,1,1,1,0,120
EFNB1,1,1,0,0,1,0,1,0,0,0,0,0,0,0,3.802646086
IL2RG,1,0,0,0,0,0,1,1,0,0,0,1,0,0,3.110085735
HLAE,1,0,0,1,1,0,1,1,0,1,0,1,0,0,19.14622765
S4A8,1,0,0,0,0,0,1,1,0,0,0,0,0,0,120
EPHA3,1,1,0,0,1,1,1,1,0,0,0,1,0,0,120
KDIS,1,0,0,0,0,0,0,1,0,0,0,1,0,0,120
NEO1,1,1,0,0,0,0,1,0,0,1,0,0,0,0,1.772091035
CELR2,1,0,0,0,0,0,1,0,0,0,0,0,0,0,120
UPAR,1,0,0,1,1,0,1,1,0,0,0,0,0,0,120
LAMP1,1,0,0,0,1,0,1,1,0,0,1,1,1,0,120
PEBP1,1,1,0,0,1,0,0,0,0,0,0,0,0,0,9.777690853
ULK3,1,0,0,0,0,0,0,0,0,0,1,0,0,0,120
SC5A3,1,0,0,0,0,0,1,0,0,0,0,0,0,0,120
NOMO2,1,0,0,1,0,0,0,0,0,0,0,0,0,0,120
PTPRJ,1,0,0,0,1,0,1,1,0,0,0,0,0,0,120
MAP4,1,0,0,0,0,1,1,0,0,0,0,0,0,0,120
SERC,1,0,0,0,1,0,0,0,0,0,0,0,0,0,1.623391905
PORIM,1,0,0,0,0,0,1,1,0,0,0,0,0,0,120
LAIR1,1,0,0,0,0,0,1,1,0,0,0,0,0,0,120
TSN33,1,0,0,1,0,0,1,0,0,0,0,0,0,0,120
ULBP1,1,0,0,1,1,0,1,0,0,0,0,0,0,0,120
ACTN1,1,0,0,0,1,1,1,1,0,0,0,0,0,0,120
F10A1,1,0,0,0,1,0,0,0,0,0,0,0,0,0,1.18291512
ZCC17,1,1,0,0,0,0,0,0,1,0,0,0,0,0,120
VP13C,1,0,1,0,1,0,0,1,0,0,0,0,0,0,1.265567383
UBC9,1,1,0,0,0,0,0,0,0,0,0,0,0,0,1.572958675
MOB1B,1,1,0,0,1,0,0,0,0,0,0,0,0,0,120
TACT,1,0,0,0,0,0,1,0,0,0,0,0,0,0,120
FKB1A,1,0,0,1,0,0,1,0,0,0,0,0,0,0,120
TPM3,1,0,0,0,1,1,0,0,0,0,0,0,0,0,120
MPRD,1,0,0,0,0,0,1,1,0,1,1,1,1,0,120
PP1G,1,1,1,0,0,1,1,0,0,0,0,0,0,0,1.139449237
ACPH,1,1,0,0,1,0,0,1,0,0,0,0,0,0,120
TPP2,1,1,0,0,0,0,0,0,0,0,0,0,0,0,1.159128046
CRCM1,1,0,0,0,0,0,1,0,0,0,0,0,0,0,3.526047303
ANTR2,1,0,0,1,1,0,1,1,0,0,0,1,0,0,120
ERF1,1,0,0,0,0,0,0,0,0,0,0,0,0,0,1.003952821
XPP3,1,0,1,0,0,0,0,0,0,0,0,0,0,0,1.05324925
SPP2A,1,0,0,1,1,0,1,1,0,0,1,1,1,0,120
AKAP9,1,0,0,0,0,1,1,0,0,1,0,0,0,0,120
DNA2,1,1,1,0,0,0,0,0,0,0,0,0,0,0,1.262393652
SERB1,1,1,0,0,1,0,1,0,0,0,0,0,0,0,120
6PGL,1,0,0,0,1,0,0,0,0,0,0,0,0,0,120
AT1A3,1,0,0,1,1,0,1,0,0,1,0,0,0,0,6.536985188
PARK7,1,1,1,1,1,0,1,0,0,0,0,0,0,0,1.342484557
TRFM,1,0,0,1,1,0,1,1,0,0,0,1,0,0,120
ANXA1,1,1,1,0,1,1,1,1,0,0,1,1,1,0,1.429422402
TSN15,1,1,0,1,0,0,1,1,0,0,0,1,0,0,120
CYBR1,1,0,0,0,1,0,1,0,0,0,1,0,1,0,120
S53A1,1,0,0,0,0,0,1,0,0,1,0,0,0,0,120
ALDR,1,1,0,0,1,0,0,0,0,0,1,0,1,0,120
COPT1,1,0,0,0,0,0,1,1,0,0,0,1,0,0,120
UB2Q1,1,1,0,0,0,0,0,0,0,0,0,0,0,0,1.63102377
DPP3,1,0,0,0,1,0,0,0,0,0,0,0,0,0,120
PSB1,1,1,0,0,1,0,0,1,0,0,0,0,0,0,3.305011349
BLMH,1,1,0,0,1,0,0,0,0,0,0,0,0,0,120
PSB5,1,1,0,0,1,1,0,0,0,0,0,0,0,0,6.958054171
AP2S1,1,0,0,0,0,0,1,1,0,0,1,1,1,0,2.529008807
TRXR1,1,1,1,0,1,0,0,0,0,0,0,0,0,0,1.27985361
SYCC,1,0,0,0,0,0,0,0,0,0,0,0,0,0,120
FCGRN,1,0,0,0,1,0,1,1,0,0,0,1,0,0,120
TYB4,1,1,0,0,1,1,0,1,0,0,0,0,0,0,1.329218647
SYWC,1,1,0,0,1,0,0,0,0,0,0,0,0,0,120
SET,1,1,0,1,0,0,0,0,0,0,0,0,0,0,120
FGFR1,1,1,0,0,1,0,1,1,0,0,0,0,0,0,120
CNDP2,1,1,0,0,1,0,0,0,0,0,0,0,0,0,120
CYTB,1,1,0,0,1,0,0,1,0,0,0,0,0,0,1.541123451
PAN3,1,0,0,0,0,0,0,0,0,0,0,0,0,0,120
SORT,1,1,0,1,0,0,1,1,0,1,1,1,1,0,120
PLCG1,1,1,0,0,0,0,1,0,0,0,0,0,0,0,120
GGCT,1,0,0,0,1,0,0,0,0,0,0,0,0,0,120
PODXL,1,1,0,0,1,1,1,0,0,0,0,0,0,0,120
S10A8,1,1,0,0,1,1,1,1,0,0,0,0,0,0,120
PSA,1,1,0,0,1,0,0,0,0,0,0,0,0,0,120
NCAM1,1,0,0,0,1,0,1,0,0,1,0,0,0,0,120
MAP1A,1,0,0,0,0,1,0,0,0,0,0,0,0,0,2.046617396
F234B,1,0,0,0,0,1,0,0,0,1,0,0,0,0,5.662806982
C163A,1,0,0,0,1,0,1,1,0,0,0,0,0,0,120
RBBP6,1,1,0,0,0,1,0,0,0,0,0,0,0,0,120
HCLS1,1,1,1,0,0,1,1,0,0,0,0,0,0,0,120
TGFR1,1,1,0,0,0,0,1,1,0,0,0,1,0,0,120
GTR3,1,0,0,0,1,0,1,1,0,0,0,0,0,0,120
DESP,1,1,0,0,1,1,1,1,0,0,0,0,0,0,120
RHDF2,1,0,0,1,0,0,1,0,0,1,0,0,0,0,120
SCRB1,1,0,0,0,1,0,1,1,0,0,1,0,1,0,120
GALT1,1,0,0,1,1,0,0,0,0,1,0,0,0,0,120
AP3B1,1,0,1,0,0,0,0,1,0,1,1,0,1,0,1.16551558
HDGF,1,1,0,0,1,0,0,0,0,0,0,0,0,0,120
HLAF,1,0,0,1,1,0,1,1,0,1,1,1,1,0,120
ITA3,1,0,0,0,1,0,1,0,0,0,0,0,0,0,120
OXR1,1,1,1,0,0,0,0,0,0,0,0,0,0,0,120
NIT2,1,0,0,0,1,1,0,1,0,0,0,0,0,0,1.180385289
FLOT2,1,0,0,0,1,1,1,1,0,0,0,1,0,0,120
SE6L2,1,0,0,1,0,0,1,0,0,0,0,0,0,0,120
MFAP3,1,1,0,0,1,0,1,0,0,0,0,0,0,0,120
SV2A,1,0,0,1,0,0,1,1,0,0,0,0,0,0,4.462312549
TCOF,1,1,0,0,0,0,0,0,0,0,0,0,0,0,1.241200924
IF4B,1,0,0,0,0,0,0,0,0,0,0,0,0,0,120
CPPED,1,0,0,0,1,0,1,1,0,0,1,0,1,0,120
ELP2,1,1,0,0,0,0,0,0,0,0,0,0,0,0,1.376264229
CUL2,1,1,0,0,0,0,0,0,0,0,0,0,0,0,120
MYORG,1,1,0,1,0,0,0,0,0,0,0,0,0,0,120
TMED3,1,0,0,1,0,0,0,1,0,1,0,0,0,0,120
PD1L1,1,1,0,0,1,1,1,1,0,0,0,1,0,0,120
SARNP,1,1,0,0,0,0,0,0,0,0,0,0,0,0,120
ATPK,1,1,1,0,0,0,0,0,0,0,0,0,0,0,120
HARS1,1,0,1,0,0,0,0,0,0,0,0,0,0,0,120
S10A9,1,1,0,0,1,1,1,1,0,0,0,0,0,0,120
GDIA,1,0,0,0,0,0,0,0,0,1,0,0,0,0,120
SHSA2,1,0,0,1,0,0,0,0,0,0,0,0,0,0,120
MERTK,1,0,0,0,1,0,1,0,0,0,0,0,0,0,120
ITM2B,1,0,0,0,1,0,1,1,0,1,0,1,0,0,120
PSMG1,1,1,0,1,0,0,0,0,0,1,0,0,0,0,120
ANR37,1,1,1,0,0,0,0,0,0,0,0,0,0,0,120
MRP,1,0,0,0,1,1,1,0,0,0,0,0,0,0,3.316872936
5NTD,1,1,0,0,1,0,1,0,0,0,0,0,0,0,120
LMLN,1,0,0,0,0,0,0,0,0,0,0,0,0,0,120
ITM2C,1,0,0,0,1,0,1,0,0,1,1,0,1,0,120
YKT6,1,0,1,1,0,0,1,1,0,1,0,1,0,0,120
RS28,1,1,0,1,1,0,0,0,1,0,0,0,0,0,120
DYHC2,1,0,0,0,1,1,1,0,0,1,0,0,0,0,120
UBE2O,1,1,0,0,0,0,0,0,0,0,0,0,0,0,120
RL39,1,0,0,0,1,0,0,0,1,0,0,0,0,0,120
FGF6,1,0,0,0,1,0,1,0,0,0,0,0,0,0,120
KIT,1,1,0,0,1,0,1,1,0,0,0,0,0,0,120
GBRL2,1,0,0,1,0,0,0,1,0,1,1,0,0,0,120
OSTC,1,0,0,1,0,0,0,0,0,0,0,0,0,0,120
PUR1,1,0,0,0,0,0,0,0,0,0,0,0,0,0,120
CU067,1,0,0,1,0,0,0,0,0,0,0,0,0,0,120
ANTR1,1,0,0,0,0,0,1,1,0,0,0,1,0,0,120
IFM3,1,0,0,0,0,0,1,1,0,0,1,1,1,0,120
ATP7A,1,1,0,1,0,0,1,1,0,1,0,1,0,0,120
SEM4C,1,0,0,0,1,0,1,1,0,0,0,0,0,0,120
NDUAB,1,0,1,0,0,0,0,0,0,0,0,0,0,0,120
ACOHC,1,0,1,1,1,0,0,0,0,1,0,0,0,0,120
ACV1B,1,0,0,0,0,0,1,0,0,0,0,0,0,0,120
EPB41,1,1,0,0,1,1,1,0,0,0,0,0,0,0,2.077486643
TNR8,1,0,0,0,1,0,1,0,0,0,0,0,0,0,120
ITCH,1,1,0,0,1,0,1,1,0,0,0,1,0,0,1.276573581
PTMA,1,1,0,0,0,0,0,0,0,0,0,0,0,0,120
TNR1A,1,0,1,0,1,0,1,0,0,1,0,0,0,0,120
GSHR,1,0,1,0,1,0,1,0,0,0,0,0,0,0,1.016066881
PRC2C,1,0,0,0,0,0,0,0,0,0,0,0,0,0,120
IL7RA,1,1,0,0,1,0,1,1,0,0,0,0,0,0,120
SERC5,1,0,0,0,1,1,1,0,0,1,0,0,0,0,120
PLAK,1,1,0,0,1,1,1,1,0,0,0,0,0,0,120
FNBP1,1,0,0,0,0,1,1,1,0,0,1,0,1,0,120
LRP1,1,1,0,0,0,1,1,1,0,1,1,1,1,0,120
GLOD4,1,0,1,0,1,0,0,0,0,0,0,0,0,0,120
FZD6,1,0,0,1,0,0,1,1,0,0,0,0,0,0,120
KGP2,1,1,0,0,0,0,1,0,0,0,0,0,0,0,120
MTND,1,1,0,0,0,0,1,0,0,0,0,0,0,0,120
DERL2,1,0,0,1,0,0,0,1,0,0,0,1,0,0,120
API5,1,1,0,0,0,0,0,0,0,0,0,0,0,0,120
EAA1,1,0,0,0,0,0,1,1,0,0,0,0,0,0,120
DSC1,1,0,0,0,1,0,1,1,0,0,0,0,0,0,120
PLST,1,0,0,0,0,1,1,0,0,0,0,0,0,0,120
OSTF1,1,0,0,0,1,0,0,1,0,0,0,0,0,0,120
TNR21,1,0,0,0,0,0,1,0,0,0,0,0,0,0,120
LASP1,1,0,0,0,0,1,0,0,0,0,0,0,0,0,120
IMPA1,1,0,0,0,0,0,0,0,0,0,0,0,0,0,120
T106B,1,0,0,0,0,0,0,1,0,0,1,1,1,0,120
SAHH3,1,0,0,1,0,0,0,0,0,0,0,0,0,0,120
ADDG,1,1,0,0,0,1,1,0,0,0,0,0,0,0,120
ANXA2,1,1,0,0,1,0,1,1,0,0,1,1,1,0,120
CALL5,1,0,0,0,1,0,0,1,0,0,0,0,0,0,120
BMPR2,1,1,0,0,1,0,1,0,0,0,0,0,0,0,120
BANK1,1,0,0,0,0,0,0,0,0,0,0,0,0,0,120
SNX2,1,0,0,0,0,0,0,1,0,0,1,1,1,0,120
GOLI,1,0,0,0,0,0,0,0,0,0,0,0,0,0,120
LRP6,1,0,0,1,1,0,1,1,0,1,0,1,0,0,120
COG7,1,1,0,0,0,0,0,0,0,1,0,0,0,0,120
NBPFE,1,0,0,0,0,0,0,0,0,0,0,0,0,0,120
ZDH18,1,0,0,1,0,0,0,0,0,1,0,0,0,0,120
HOOK2,1,0,0,0,0,1,0,0,0,1,0,0,0,0,120
TLN2,1,0,0,0,0,1,1,0,0,0,0,0,0,0,120
RIDA,1,1,1,0,1,0,0,0,0,0,0,0,0,1,120
GSH1,1,0,1,0,0,0,0,0,0,0,0,0,0,0,120
PTN4,1,1,0,0,0,1,1,0,0,0,0,0,0,0,120
UB2L3,1,1,0,0,0,0,0,0,0,0,0,0,0,0,120
PDLI1,1,0,0,0,0,1,0,0,0,0,0,0,0,0,120
ZNF35,1,1,0,0,0,0,0,0,0,0,0,0,0,0,120
DP13A,1,1,0,0,1,0,1,1,0,0,0,1,0,0,120
RBGP1,1,0,0,0,0,1,0,0,0,0,0,0,0,0,120
AFF3,1,1,0,0,0,0,0,0,0,0,0,0,0,0,120
GSTM5,1,0,0,0,1,0,0,0,0,0,0,0,0,0,120
PGAP6,1,0,0,0,1,0,1,0,0,0,1,0,1,0,120
GBP1,1,0,0,0,1,1,1,1,0,1,0,0,0,0,120
LRRF1,1,1,0,0,0,1,1,0,0,0,0,0,0,0,120
KIF15,1,0,0,0,0,1,0,0,0,0,0,0,0,0,120
SMC1B,1,1,0,0,0,0,0,0,0,0,0,0,0,0,120
DNSL1,1,1,0,1,1,0,0,1,0,0,0,0,0,0,120
XXXX,1,0,0,0,0,1,1,1,0,0,0,0,0,0,120
LSM2,1,1,0,0,0,0,0,0,0,0,0,0,0,0,120
YIPF5,1,1,0,1,0,0,0,1,0,1,0,0,0,0,120
SLK,1,0,0,0,1,0,0,0,0,0,0,0,0,0,120
ZC3HF,1,1,0,0,0,0,0,0,0,0,0,0,0,0,120
ITPR3,1,1,0,1,0,0,1,1,0,0,0,0,0,0,120
DHX29,1,0,0,0,0,0,0,0,1,0,0,0,0,0,120
SPB4,1,0,0,0,1,0,0,0,0,0,0,0,0,0,120
UBXN7,1,1,0,1,0,0,0,0,0,0,0,0,0,0,120
ADA15,1,0,0,0,1,0,1,1,0,0,0,0,0,0,120
CAH8,1,0,0,0,0,0,0,0,0,0,0,0,0,0,120
HD,1,1,0,1,0,1,0,1,0,1,1,1,0,0,120
CASPE,1,1,1,0,0,1,0,0,0,0,0,0,0,0,120
DPP9,1,1,0,0,0,1,0,0,0,0,0,0,0,0,120
COF2,1,1,0,0,1,1,0,0,0,0,0,0,0,0,120
PSB6,1,1,0,0,1,0,0,0,0,0,0,0,0,0,120
HGS,1,0,0,0,1,0,0,1,0,0,1,1,1,0,120
MABP1,1,1,0,0,0,1,0,0,0,0,0,0,0,0,120
EVL,1,0,0,0,0,1,0,0,0,0,0,0,0,0,120
DIP2B,1,1,0,0,1,0,0,0,0,0,0,0,0,0,120
NEC2,1,1,0,0,1,0,0,1,0,0,0,0,0,0,120
H37,0,0,0,0,0,0,0,0,0,0,0,0,0,0,1.323897162
A0A075B6U8,0,0,0,0,0,0,0,0,0,0,0,0,0,0,120
HRURF,0,0,0,0,0,0,0,0,0,0,0,0,0,0,120
F1712,0,0,0,0,0,0,0,0,0,0,0,0,0,0,120
IGSF3,0,0,0,0,0,0,0,0,0,0,0,0,0,0,120
CADM4,0,0,0,0,0,0,0,0,0,0,0,0,0,0,120
NHRF1,0,0,0,0,0,0,0,0,0,0,0,0,0,0,3.202850705
NETO2,0,0,0,0,0,0,0,0,0,0,0,0,0,0,120
PWWP4,0,0,0,0,0,0,0,0,0,0,0,0,0,0,120
MRC2,0,0,0,0,0,0,0,0,0,0,0,0,0,0,120
F133B,0,0,0,0,0,0,0,0,0,0,0,0,0,0,120
RGSL,0,0,0,0,0,0,0,0,0,0,0,0,0,0,120
F86B2,0,0,0,0,0,0,0,0,0,0,0,0,0,0,120
CB091,0,0,0,0,0,0,0,0,0,0,0,0,0,0,120
CRCDL,0,0,0,0,0,0,0,0,0,0,0,0,0,0,120
S35F2,0,0,0,0,0,0,0,0,0,0,0,0,0,0,120
TM237,0,0,0,0,0,0,0,0,0,0,0,0,0,0,120
CA159,0,0,0,0,0,0,0,0,0,0,0,0,0,0,120
BCOR2,0,0,0,0,0,0,0,0,0,0,0,0,0,0,120
ABRAL,0,0,0,0,0,0,0,0,0,0,0,0,0,0,120
SR1IP,0,0,0,0,0,0,0,0,0,0,0,0,0,0,120
CMI2A,0,0,0,0,0,0,0,0,0,0,0,0,0,0,120